{"Aizawa": [0.014835370187685321, 0.014833651896467823, 0.01483282442495584, 0.014834883332515114, 0.014832482890252827, 0.014832580051997451, 0.014832228802918582, 0.014840421201467533, 0.014837989594341959, 0.014833783097863372], "Bouali2": [0.012104915996862566, 0.011934947776065984, 0.01219943325155217, 0.012155225764636225, 0.012001141028163215, 0.012276898895696598, 0.012247443575188413, 0.012951048999387288, 0.012460017999629352, 0.012349511494799608], "BurkeShaw": [0.013689469324314656, 0.013674277785159537, 0.013754082975732152, 0.013728593052625967, 0.013689640352717886, 0.013746349598757783, 0.01368760132087788, 0.013685253572587014, 0.013764512258984174, 0.013692118189540277], "Chen": [0.009929623843990484, 0.009936316353374192, 0.009930719471862534, 0.00996140139022434, 0.009933850483485883, 0.009933069330350174, 0.009941473978538947, 0.009939031857484099, 0.009941661101212198, 0.009933897504776018], "ChenLee": [0.016733052960339494, 0.016613954107881343, 0.016611218258631447, 0.01664691124761801, 0.017185586265388523, 0.016759910125703974, 0.016670320560976386, 0.017287947015307465, 0.0167477883331804, 0.01713315036765751], "Dadras": [0.061530226705176744, 0.054299074331448496, 0.04469943019643656, 0.04707650815026533, 0.05624682423622955, 0.06044889715224701, 0.05821272456185432, 0.05540560156128359, 0.051118087523449665, 0.0545045256474199], "DequanLi": [0.012796142152321988, 0.010787969582753567, 0.013782522157931814, 0.01180245987659231, 0.010780100051641737, 0.011805151003345787, 0.010787342014826146, 0.011784350638383331, 0.01178254351701703, 0.011789247723280286], "Finance": [0.01770413468799798, 0.01770264877070899, 0.01775386194309495, 0.017701180764550562, 0.01776635390634548, 0.01770104840861154, 0.01772019545097154, 0.017709671027591044, 0.01783497714643427, 0.01782173607791093], "GenesioTesi": [0.007008793786495683, 0.007009201185465659, 0.007017678556254081, 0.007005364422077162, 0.007008778725895197, 0.007005656850397074, 0.007006291063853765, 0.007007407428800198, 0.0070058158262504035, 0.007006858826188345], "GuckenheimerHolmes": [0.013861466352931614, 0.013858480669226368, 0.013857780567985815, 0.013855581938576132, 0.01386387927870017, 0.013857378516745202, 0.01385675132291934, 0.013856704151584676, 0.01386067267213576, 0.013863655556942725], "Hadley": [0.012293869778061899, 0.012295050955791451, 0.012285220516327033, 0.012299179494049427, 0.01228801219783076, 0.012294928422818423, 0.01228947283277247, 0.012287193901471103, 0.01228796353051114, 0.012285572821429676], "Halvorsen": [0.016462759400154445, 0.01642317215603395, 0.01644510436820452, 0.01639051946274815, 0.01646291612386174, 0.016405315203413588, 0.016402165640101125, 0.016410346920692882, 0.016413899060780897, 0.016428655471445515], "HenonHeiles": [0.007864637282746306, 0.007865928172679672, 0.007861245934422917, 0.007865236369368015, 0.007864892832807249, 0.007864705517047606, 0.00786481038564663, 0.007869764396514907, 0.007867109345472823, 0.007865887761777206], "HyperBao": [0.013904470798737066, 0.012890917974968625, 0.013828498698228912, 0.013854555461293837, 0.013864848184102201, 0.012874794955272467, 0.013834001719098554, 0.012890752129206397, 0.014856855637271271, 0.012864303326297155], "HyperCai": [0.012089458456418886, 0.012091264260201868, 0.012086810080682141, 0.012083180185594594, 0.012086903545503671, 0.012081953922081992, 0.01208728792468582, 0.012089211535046744, 0.012102203435489924, 0.012076924700750735], "HyperJha": [0.012166178357737999, 0.012201452388673829, 0.012172757807886096, 0.012218731536489183, 0.012144749497487214, 0.012166279935497844, 0.012172290446080068, 0.012179680161410078, 0.01217433081245294, 0.012170353262889162], "HyperLorenz": [0.014271038545202654, 0.014231709816334967, 0.01429529813771838, 0.014360231072166368, 0.014333595935671224, 0.01432458012233771, 0.014283540158959633, 0.014279693918829238, 0.014340059854371331, 0.014268721197293107], "HyperLu": [0.012405524545334048, 0.01237510551238264, 0.01237969350287843, 0.012406714191871697, 0.012388448874663418, 0.012374362934598957, 0.01238856402349655, 0.01242213766912691, 0.012414543205038986, 0.012428619342348833], "HyperPang": [0.013465466551094419, 0.013474259391157324, 0.013485799391647083, 0.013553923397781739, 0.013434983545885657, 0.013538799017934738, 0.013441909051046032, 0.013476357687394183, 0.013512576047358685, 0.013446870804193649], "HyperQi": [0.02751798746840263, 0.02641522454580849, 0.027227213284124557, 0.02677210566343001, 0.026825612422700033, 0.02672062995944202, 0.027150347185112635, 0.027301053444889326, 0.026796132837310808, 0.027061163105256292], "HyperRossler": [0.015799580769529725, 0.017158600563652003, 0.015734689477601434, 0.015807152030373566, 0.015749330743212973, 0.015721994650834306, 0.0159349710838985, 0.015775821590983903, 0.015698695357796832, 0.018527273320318435], "HyperWang": [0.010780901967931366, 0.010783113820370692, 0.010821513916721053, 0.010789376338272164, 0.01078577895058218, 0.010779655789550131, 0.010789199333326888, 0.010779682135217026, 0.010785799406110911, 0.010781897689736333], "HyperXu": [0.017037137510384322, 0.01699706204146571, 0.01700028370038352, 0.017038477122770696, 0.01701073827868723, 0.01701112346009389, 0.017028181798402542, 0.01700439113781358, 0.017057068020649636, 0.01700536746326922], "HyperYan": [0.024021291620015244, 0.01953684965622849, 0.019845830825468945, 0.019918643728223353, 0.02013504653281417, 0.0258536379871778, 0.019829656301635593, 0.019957006796756036, 0.01987921309159351, 0.01971836352274098], "HyperYangChen": [0.014057028202471872, 0.014091969420437507, 0.01405071191694395, 0.014064514684609331, 0.014083131534385271, 0.01403414231938727, 0.014069830780103806, 0.01402780928710725, 0.014049843804093045, 0.014049816708728683], "KawczynskiStrizhak": [0.012569984494211919, 0.012569390790626871, 0.012696896814927888, 0.01259409075336881, 0.012579977742249726, 0.0127258431849493, 0.012563152007332566, 0.012593264535924775, 0.012681839705960237, 0.01262645180166161], "Laser": [0.016295609064924624, 0.01619363661633055, 0.016266304281266623, 0.016395688814321352, 0.016405168862729316, 0.01618116419176276, 0.016380727819292347, 0.016274399969832445, 0.016132584538635097, 0.01622349722231351], "Lorenz": [0.014730130592779726, 0.014815017835553092, 0.0147319474990606, 0.014725792522160434, 0.014736343379273046, 0.014768160158964845, 0.014759322952343494, 0.014725165136153488, 0.014751425728670893, 0.014736317760958139], "LorenzBounded": [0.04429934278231858, 0.04976738221414247, 0.05170946024901462, 0.04971560291979028, 0.04334964172495115, 0.04830900561920253, 0.04604369706417228, 0.04467189562990381, 0.043062958457013835, 0.04573898556371173], "LorenzStenflo": [0.02109580298557634, 0.021075547928223973, 0.021112811348171966, 0.02110878238707652, 0.021122689422186265, 0.021221992747571826, 0.021149672158009898, 0.021069538583428374, 0.021070563112953262, 0.02112266264265574], "LuChen": [0.03355658337004276, 0.02839923733146458, 0.04263071981636313, 0.028429580990274213, 0.029575027255596215, 0.03332201617305494, 0.042623279916032084, 0.02939875174296316, 0.027413609159407784, 0.028441873595953], "LuChenCheng": [0.013436470565604763, 0.013386746392662172, 0.01342652827627248, 0.013384699659347545, 0.01337167586373552, 0.013519189482780778, 0.013410343585957732, 0.013384970940359665, 0.013373030228499616, 0.013385655029806086], "MooreSpiegel": [0.015503805207163924, 0.016721877961509854, 0.017651322909730732, 0.015500996721813582, 0.013724924288681724, 0.013559077591178746, 0.01665336640037176, 0.012733752408381096, 0.016371759613021848, 0.012521497468213398], "NewtonLiepnik": [0.022445210778063072, 0.022096219082262784, 0.02471947065950209, 0.022921018076425416, 0.021837460878918972, 0.025520055574191552, 0.0239828141764315, 0.02348956222062459, 0.021629648465276662, 0.021476373838718383],